{"count":1,"self":29.090860799999998,"total":81.662823,"children":{"InitializeActuators":{"count":30,"self":0.0019592999999999998,"total":0.0019592999999999998,"children":null},"InitializeSensors":{"count":30,"self":0.0085484999999999988,"total":0.0085484999999999988,"children":null},"AgentSendState":{"count":3902,"self":0.6109774,"total":4.9193615999999993,"children":{"UpdateModelSpacePoses":{"count":117060,"self":1.0705125,"total":1.0705125,"children":null},"UpdateLocalSpacePoses":{"count":117060,"self":1.1216899999999999,"total":1.1216899999999999,"children":null},"CollectObservations":{"count":117060,"self":0.0899811,"total":0.0899811,"children":null},"WriteActionMask":{"count":117060,"self":0.09240509999999999,"total":0.09240509999999999,"children":null},"RequestDecision":{"count":117060,"self":0.2766609,"total":1.9337955,"children":{"AgentInfo.ToProto":{"count":117060,"self":0.2725988,"total":1.6571346,"children":{"GenerateSensorData":{"count":117060,"self":1.3845357999999999,"total":1.3845357999999999,"children":null}}}}}}},"DecideAction":{"count":3902,"self":45.2140512,"total":45.214051,"children":null},"AgentAct":{"count":3902,"self":2.4230556,"total":2.4230557,"children":null}},"gauges":{},"metadata":{"timer_format_version":"0.1.0","start_time_seconds":"1698674353","unity_version":"2022.3.4f1","command_line_arguments":"C:\\Users\\oyo12\\OneDrive\\Dokumenter\\Informatikk_robotikk_og_inteligentesystemer\\Semester 7\\IN5490\\not_trash_code\/executables\/exe_pc_30\/UnityEnvironment.exe -nographics -batchmode --mlagents-port 5006","communication_protocol_version":"1.5.0","com.unity.ml-agents_version":"2.3.0-exp.4","scene_name":"Crawler","end_time_seconds":"1698674435"}}