{"count":1,"self":67.255987199999993,"total":160.3674833,"children":{"InitializeActuators":{"count":30,"self":0.0036089,"total":0.0036089,"children":null},"InitializeSensors":{"count":30,"self":0.0077069999999999994,"total":0.0077069999999999994,"children":null},"AgentSendState":{"count":7315,"self":1.3310999,"total":10.857970499999999,"children":{"UpdateModelSpacePoses":{"count":219450,"self":2.3124544,"total":2.3124544,"children":null},"UpdateLocalSpacePoses":{"count":219450,"self":2.5209981999999997,"total":2.5209981999999997,"children":null},"CollectObservations":{"count":219450,"self":0.2083127,"total":0.2083127,"children":null},"WriteActionMask":{"count":219450,"self":0.2113417,"total":0.2113417,"children":null},"RequestDecision":{"count":219450,"self":0.5702996,"total":4.2737636,"children":{"AgentInfo.ToProto":{"count":219450,"self":0.6900178,"total":3.703464,"children":{"GenerateSensorData":{"count":219450,"self":3.0134461999999997,"total":3.0134461999999997,"children":null}}}}}}},"DecideAction":{"count":7315,"self":78.0998656,"total":78.099863599999992,"children":null},"AgentAct":{"count":7315,"self":4.1368488,"total":4.1368487,"children":null}},"gauges":{},"metadata":{"timer_format_version":"0.1.0","start_time_seconds":"1698858565","unity_version":"2022.3.4f1","command_line_arguments":"c:\\Users\\oyo12\\OneDrive\\Dokumenter\\Informatikk_robotikk_og_inteligentesystemer\\Semester 7\\IN5490\\executables\/exe_pc_30\/UnityEnvironment.exe --mlagents-port 5007","communication_protocol_version":"1.5.0","com.unity.ml-agents_version":"2.3.0-exp.4","scene_name":"Crawler_30","end_time_seconds":"1698858725"}}