{"count":1,"self":12.163389599999999,"total":88.2385553,"children":{"InitializeActuators":{"count":60,"self":0.0044846999999999995,"total":0.0044846999999999995,"children":null},"InitializeSensors":{"count":60,"self":0.0091294999999999987,"total":0.0091294999999999987,"children":null},"AgentSendState":{"count":2981,"self":1.1504385,"total":9.1189283,"children":{"UpdateModelSpacePoses":{"count":178860,"self":1.8842948,"total":1.8842946999999999,"children":null},"UpdateLocalSpacePoses":{"count":178860,"self":2.2659438,"total":2.2659438,"children":null},"CollectObservations":{"count":178860,"self":0.179745,"total":0.179745,"children":null},"WriteActionMask":{"count":178860,"self":0.16633979999999998,"total":0.16633979999999998,"children":null},"RequestDecision":{"count":178860,"self":0.46762689999999996,"total":3.4721664999999997,"children":{"AgentInfo.ToProto":{"count":178860,"self":0.5351208,"total":3.0045395999999998,"children":{"GenerateSensorData":{"count":178860,"self":2.4694187999999997,"total":2.4694187999999997,"children":null}}}}}}},"DecideAction":{"count":2981,"self":63.3770816,"total":63.3770798,"children":null},"AgentAct":{"count":2981,"self":3.5584683999999998,"total":3.5584683999999998,"children":null}},"gauges":{},"metadata":{"timer_format_version":"0.1.0","start_time_seconds":"1698679304","unity_version":"2022.3.4f1","command_line_arguments":"C:\\Users\\oyo12\\OneDrive\\Dokumenter\\Informatikk_robotikk_og_inteligentesystemer\\Semester 7\\IN5490\\not_trash_code\/executables\/exe_pc_test_m\/UnityEnvironment.exe --mlagents-port 5006","communication_protocol_version":"1.5.0","com.unity.ml-agents_version":"2.3.0-exp.4","scene_name":"Crwaler_many","end_time_seconds":"1698679391"}}